candidate,family,validation_ap,validation_roc_auc,validation_recall_at_0.5,iterations
LR_C=0.1_weight=none,LR,0.6962877030663099,0.8855533194521498,0.551239115874079,75.0
LR_C=1_weight=none,LR,0.697381016545366,0.8863372697031058,0.5599464166108507,87.0
LR_C=10_weight=none,LR,0.6977485143186358,0.8865204038809718,0.5619557937039518,145.0
LR_C=0.1_weight=balanced,LR,0.692894806816517,0.8849362153431317,0.8513060951105157,77.0
LR_C=1_weight=balanced,LR,0.6942887922904587,0.885608982044494,0.8513060951105157,95.0
LR_C=10_weight=balanced,LR,0.6945096553902921,0.8857813519551379,0.853985264567984,124.0
RF_depth=12_leaf=2,RF,0.6964109187108798,0.8837275014421992,0.49698593436034827,
RF_depth=12_leaf=5,RF,0.6930752267688117,0.8839600662682283,0.49631614199598123,
RF_depth=12_leaf=10,RF,0.6931375179235519,0.8836181591488411,0.48894842598794375,
RF_depth=none_leaf=2,RF,0.6903684003261275,0.8834462141434822,0.5398526456798393,
RF_depth=none_leaf=5,RF,0.6966271387652493,0.8844356769173177,0.5291359678499665,
RF_depth=none_leaf=10,RF,0.6958919339650554,0.8841973050523929,0.5257870060281313,
